|consul| consul/consul/
|consul-cli| consul/consul-cli/
|consul-template| consul/consul-template/
|consul-ui| consul/consul-ui/
|distributive| distributive/distributive/
|distributive-calico| distributive/distributive-calico/
|distributive-chronos| distributive/distributive-chronos/
|distributive-collectd| distributive/distributive-collectd/
|distributive-collectd-docker| distributive/distributive-collectd-docker/
|distributive-collectd-marathon| distributive/distributive-collectd-marathon/
|distributive-collectd-zookeeper| distributive/distributive-collectd-zookeeper/
|distributive-common| distributive/distributive-common/
|distributive-consul| distributive/distributive-consul/
|distributive-consul-template| distributive/distributive-consul-template/
|distributive-dnsmasq| distributive/distributive-dnsmasq/
|distributive-docker| distributive/distributive-docker/
|distributive-etcd| distributive/distributive-etcd/
|distributive-haproxy| distributive/distributive-haproxy/
|distributive-logrotate| distributive/distributive-logrotate/
|distributive-logstash| distributive/distributive-logstash/
|distributive-mantlui| distributive/distributive-mantlui/
|distributive-marathon| distributive/distributive-marathon/
|distributive-mesos| distributive/distributive-mesos/
|distributive-vault| distributive/distributive-vault/
|distributive-zookeeper| distributive/distributive-zookeeper/
|mantl-dns| mantl/mantl-dns/
|nomad| nomad/nomad/
|docker-cleanup| packages/docker-cleanup/
|generate-certificate| packages/generate-certificate/
|traefik| packages/traefik/
|vault| vault/vault/
|vault-mantl| vault/vault-mantl/
